{
    "ACC": 0.5950126262626263,
    "Big 12": 0.6414141414141414,
    "Big East": 0.5643939393939394,
    "Big Ten": 0.6205234159779615,
    "Sun Belt": 0.38762626262626265,
    "CUSA": 0.5003156565656566,
    "Ind": 0.571969696969697,
    "MAC": 0.462995337995338,
    "MWC": 0.5214646464646464,
    "Pac-10": 0.5833333333333333,
    "SEC": 0.6291035353535354,
    "WAC": 0.5147306397306397
}