{
    "ACC": 6.62962962962963,
    "Big 12": 7.166666666666667,
    "Big East": 6.666666666666667,
    "Big Ten": 6.848484848484848,
    "Big West": 4.5,
    "CUSA": 5.796296296296297,
    "Ind": 5.8240740740740735,
    "MAC": 5.262820512820513,
    "MWC": 5.916666666666667,
    "Pac-10": 6.666666666666667,
    "SEC": 7.055555555555556,
    "WAC": 5.7407407407407405
}