{
    "ACC": 73.33333333333333,
    "Big 12": 86.0,
    "Big East": 53.333333333333336,
    "Big Ten": 75.33333333333333,
    "Big West": 27.0,
    "CUSA": 63.666666666666664,
    "Ind": 27.666666666666668,
    "MAC": 66.66666666666667,
    "MWC": 51.333333333333336,
    "Pac-10": 66.66666666666667,
    "SEC": 84.66666666666667,
    "WAC": 51.666666666666664
}