{
    "Atlantic Coast": 6.222222222222222,
    "Big East": 7.0,
    "Big Ten": 6.2727272727272725,
    "Big Twelve": 6.75,
    "Conference USA": 6.3,
    "Independents": 5.0,
    "Mid-America": 5.153846153846154,
    "Mountain West": 5.75,
    "Pacific Ten": 6.6,
    "Southeastern": 6.666666666666667,
    "Sun Belt": 2.857142857142857,
    "Western Athletic": 5.1
}