{
    "2000 to 2005": {
        "ACC": 0.5277777777777777,
        "Big 12": 0.33333333333333304,
        "Big East": -1.0,
        "Big Ten": 0.5454545454545459,
        "Big West": -4.5,
        "CUSA": -0.30555555555555625,
        "Ind": 1.0277777777777777,
        "MAC": 0.09615384615384581,
        "MWC": -0.08333333333333304,
        "Pac-10": 0.0,
        "SEC": -0.08333333333333393,
        "WAC": -0.22222222222222232
    },
    "2005 to 2010": {
        "ACC": 0.16666666666666696,
        "Big 12": 0.5833333333333339,
        "Big East": 1.0,
        "Big Ten": 0.6363636363636358,
        "Sun Belt": 0.41666666666666696,
        "CUSA": 0.3333333333333339,
        "Ind": 2.75,
        "MAC": 0.13461538461538503,
        "MWC": 0.6666666666666661,
        "Pac-10": 0.20000000000000018,
        "SEC": 1.333333333333334,
        "WAC": 1.666666666666667
    }
}